"","activity","tBodyAcc-mean()-Y"
"1","LAYING",-0.0180098034159694
"2","SITTING",-0.012233531623435
"3","STANDING",-0.0155587764310031
"4","WALKING",-0.0177465685108949
"5","WALKING_DOWNSTAIRS",-0.0164828563064347
"6","WALKING_UPSTAIRS",-0.0257366299155787
