"","activity","tBodyAcc-mean()-X"
"1","LAYING",0.271119301350415
"2","SITTING",0.272774105080717
"3","STANDING",0.278836386119874
"4","WALKING",0.276474090819861
"5","WALKING_DOWNSTAIRS",0.285736883392297
"6","WALKING_UPSTAIRS",0.261922963645677
