"","activity","tBodyAcc-std()-Y"
"1","LAYING",-0.946715144594398
"2","SITTING",-0.935974932797085
"3","STANDING",-0.934256956004206
"4","WALKING",-0.0242596685291109
"5","WALKING_DOWNSTAIRS",0.0595968916464051
"6","WALKING_UPSTAIRS",-0.0157753534536774
